Nia|Michael
Clarissa|Beard
Kenna|Everett
Baylee|Nunez
Heaven|Trujillo
Daniella|Robinson
Francesca|Nguyen
Melissa|Wiggins
Cynthia|Callahan
Aiyana|Oneal
Janelle|Manning
Carissa|Mueller
Mya|Church
Reese|Ellis
Carla|Faulkner
Jamya|Lester
Nathaly|Vargas
Lilianna|Gallegos
Sandra|Sloan
Genevieve|Leblanc
Zara|Whitehead
Regan|Wood
Cailyn|Blanchard
Leanna|Kelley
Samara|Baker
Madalynn|Lopez
Rylee|Delacruz
Melanie|Orozco
Cristina|Villegas
Tamia|Mcclure
Lexi|Thompson
Maddison|Stark
Fernanda|Fletcher
Rylie|Pearson
Fiona|Petersen
Yasmin|Lucas
Ireland|Lang
Brenna|Cain
Alayna|Villarreal
Sylvia|Anderson
Daniela|Hoffman
Luciana|Townsend
Desiree|Woods
Kailee|Jordan
Zion|Shah
Elisabeth|Navarro
Jolie|Sweeney
Mariah|Kent
Camille|Noble
Diamond|Fleming
Max|Fowler
Orion|Reyes
Deangelo|Combs
Amare|Levine
Sincere|Vincent
Barrett|Maxwell
Killian|Santos
Nikhil|Clayton
Ezequiel|Roberts
John|Foster
Jaylen|Lee
Diego|Moses
Gerald|Mullins
Larry|Wise
Caiden|Baldwin
Greyson|Valentine
Asa|Chang
Tate|Carter
Luca|Barnes
Jaeden|Chen
Reginald|Saunders
Van|Singleton
Omar|Petersen
Ross|Gibson
Kaleb|Lynn
Damon|Cisneros
Clayton|Fritz
Yosef|Mcgee
Reuben|Cantu
Nicholas|Harmon
Konner|Liu
Pierre|Dickson
Damarion|Green
Trystan|Zuniga
Judah|Greer
Izaiah|Fisher
Miguel|Collins
Derek|Mullen
Finnegan|Copeland
Dakota|Hardin
Misael|Lam
Caden|Hunter
Anderson|Mcclain
Ismael|Townsend
Erik|Dunn
Jakob|Ramsey
Arjun|Bean
Osvaldo|Davies
Jefferson|Clark
Markus|Roy